"http://blogs.eluniversal.com/";"http://www.eluniversal.com/blogs/";"blogs_index.shtml"
"http://blogs.eluniversal.com/eu3/Blogs/dinn_index.shtml";"http://www.eluniversal.com/blogs/derecho-innovador/";"/eu3/Blogs/dinn_index.shtml"
"http://blogs.eluniversal.com/eu3/Blogs/42km_index.shtml";"http://www.eluniversal.com/blogs/42-kilometros/";"/eu3/Blogs/42km_index.shtml"
"http://blogs.eluniversal.com/eu3/Blogs/smarc_index.shtml";"http://www.eluniversal.com/blogs/sobre-la-marcha/";"/eu3/Blogs/smarc_index.shtml"
"http://blogs.eluniversal.com/eu3/Blogs/monst_index.shtml";"http://www.eluniversal.com/blogs/la-aficion-del-monstruo/";"/eu3/Blogs/monst_index.shtml"
"http://blogs.eluniversal.com/eu3/Blogs/latie_index.shtml";"http://www.eluniversal.com/blogs/latiendo-en-la-cueva";"/eu3/Blogs/latie_index.shtml"
"http://blogs.eluniversal.com/eu3/Blogs/cacao_index.shtml";"http://www.eluniversal.com/blogs/entre-grandes-cacaos";"/eu3/Blogs/cacao_index.shtml"
"http://blogs.eluniversal.com/eu3/Blogs/fbach_index.shtml";"http://www.eluniversal.com/blogs/familia-y-flores-de-bach/";"/eu3/Blogs/fbach_index.shtml"
"http://blogs.eluniversal.com/eu3/Blogs/F12M_index.shtml";"http://www.eluniversal.com/blogs/formula-1-a-dos-manos/";"/eu3/Blogs/F12M_index.shtml"
"http://blogs.eluniversal.com/eu3/Blogs/guia_index.shtml";"http://www.eluniversal.com/blogs/buen-viaje/";"/eu3/Blogs/guia_index.shtml"
"http://blogs.eluniversal.com/eu3/Blogs/green_index.shtml";"http://www.eluniversal.com/blogs/hora-de-greenwich";"/eu3/Blogs/green_index.shtml"
"http://blogs.eluniversal.com/eu3/Blogs/coac_index.shtml";"http://www.eluniversal.com/blogs/el-coach";"/eu3/Blogs/coac_index.shtml"
"http://blogs.eluniversal.com/eu3/Blogs/leon_index.shtml";"http://www.eluniversal.com/blogs/el-leonatico";"/eu3/Blogs/leon_index.shtml"
"http://blogs.eluniversal.com/eu3/Blogs/fancb_index.shtml";"http://www.eluniversal.com/blogs/fanaticos-del-cable";"/eu3/Blogs/fancb_index.shtml"
"http://blogs.eluniversal.com/eu3/Blogs/incis_index.shtml";"http://www.eluniversal.com/blogs/incisos/";"/eu3/Blogs/incis_index.shtml"
"http://blogs.eluniversal.com/eu3/Blogs/mivin_index.shtml";"http://www.eluniversal.com/blogs/mi-chaqueta-vinotinto";"/eu3/Blogs/mivin_index.shtml"
"http://blogs.eluniversal.com/eu3/Blogs/edlb_index.shtml";"http://www.eluniversal.com/blogs/energia-de-la-buena/";"/eu3/Blogs/edlb_index.shtml"
"http://blogs.eluniversal.com/eu3/Blogs/japo_index.shtml";"http://www.eluniversal.com/blogs/japon-cercano";"/eu3/Blogs/japo_index.shtml"
"http://blogs.eluniversal.com/eu3/Blogs/dtab_index.shtml";"http://www.eluniversal.com/blogs/desde-el-tabloncillo";"/eu3/Blogs/dtab_index.shtml"
"http://blogs.eluniversal.com/eu3/Blogs/mord_index.shtml";"http://www.eluniversal.com/blogs/mordida-de-tiburon";"/eu3/Blogs/mord_index.shtml"
"http://blogs.eluniversal.com/eu3/Blogs/ccsbp_index.shtml";"http://www.eluniversal.com/blogs/caracas-bipolar";"/eu3/Blogs/ccsbp_index.shtml"
"http://blogs.eluniversal.com/eu3/Blogs/princ_index.shtml";"http://www.eluniversal.com/blogs/el-principe-y-la-plebeya/";"/eu3/Blogs/princ_index.shtml"
"http://blogs.eluniversal.com/eu3/Blogs/tgraf_index.shtml";"http://www.eluniversal.com/blogs/terapia-grafica";"/eu3/Blogs/tgraf_index.shtml"
"http://www.eluniversal.com/multimedia_index.shtml";"http://www.eluniversal.com/multimedia/";"multimedia_index.shtml"
"http://www.eluniversal.com/indexSearch/do/index/show?code=sounds";"http://www.eluniversal.com/multimedia/sonidos";
"http://www.eluniversal.com/indexSearch/do/index/show?code=fotoGal";"http://www.eluniversal.com/multimedia/fotogalerias";
"http://www.eluniversal.com/indexSearch/do/index/show?code=inf";"http://www.eluniversal.com/multimedia/infografias";
"http://www.eluniversal.com/video/index.shtml";"http://www.eluniversal.com/multimedia/videos";"/video/index.shtml"
"http://www.eluniversal.com/radio/multimedia_eu_radio.shtml";"http://www.eluniversal.com/multimedia/avances-radio";"/radio/multimedia_eu_radio.shtml"
"http://english.eluniversal.com/";"http://www.eluniversal.com/english/";"eng_index.shtml"
"http://www.eluniversal.com/edicionImpresa.shtml";"http://www.eluniversal.com/edicion-impresa/";"edicionImpresa.shtml"
"http://www.eluniversal.com/serv_index.shtml";"http://www.eluniversal.com/servicios/";"serv_index.shtml"
"http://www.eluniversal.com/gace_index.shtml";"http://www.eluniversal.com/gacetas-oficiales/";"gace_index.shtml"
"http://www.eluniversal.com/nec_index.shtml";"http://www.eluniversal.com/obituarios/";"nec_index.shtml"
"http://www.eluniversal.com/edi_index.shtml";"http://www.eluniversal.com/carteles-y-edictos/";"edi_index.shtml"
